title,likes,comments,shares,views,time
Morning Routine Hacks,1240,87,45,18200,01/05/2026 08:15
Top 5 Coding Tips,3421,201,132,45800,01/05/2026 10:42
Street Food Review,892,56,21,11900,01/05/2026 13:10
AI Tools You Need,5120,410,298,72100,01/05/2026 15:45
Gaming Setup Tour,2740,143,76,33600,01/05/2026 18:30
Late Night Thoughts,653,24,12,7400,01/05/2026 22:11
Budget Travel Guide,2134,120,67,29400,02/05/2026 07:20
Minimal Desk Setup,1789,98,41,22500,02/05/2026 09:50
Funny Cat Moments,7642,812,490,128000,02/05/2026 11:33
Study With Me,1980,111,39,24800,02/05/2026 14:02
Productivity Secrets,3890,244,155,56400,02/05/2026 16:48
Best Movie Scenes,4301,322,211,69300,02/05/2026 19:17
Quick Python Tricks,2678,175,88,34100,02/05/2026 21:55
Hidden Phone Features,3150,208,144,47100,03/05/2026 08:41
Epic Football Goals,9210,950,620,164000,03/05/2026 12:20
Relaxing Rain Sounds,1440,61,18,19300,03/05/2026 15:06
Easy Pasta Recipe,2287,134,57,28600,03/05/2026 17:49
Life Advice at 20,3498,267,140,50200,03/05/2026 20:10
Photography Basics,1876,95,44,23300,04/05/2026 07:35
Laptop Buying Guide,4210,302,177,64800,04/05/2026 10:27
Workout Motivation,5388,398,255,81200,04/05/2026 13:55
Best Mobile Games,2944,166,102,39900,04/05/2026 16:12
Coffee Shop Vlog,1333,74,29,16500,04/05/2026 18:48
Beginner JavaScript,2476,143,83,32200,04/05/2026 21:14
Island Drone Shots,6122,488,301,97800,05/05/2026 06:58
Cheap Tech Gadgets,3899,251,149,58700,05/05/2026 09:30
Weekend Adventure,1745,80,37,21800,05/05/2026 11:52
Fastest Cars Ever,8420,711,430,141000,05/05/2026 14:44
Music Production Tips,2261,132,68,30100,05/05/2026 17:21
Daily Journal Ideas,1199,51,20,14900,05/05/2026 20:03
Beginner Gym Guide,2780,189,96,38700,06/05/2026 07:40
Top Netflix Picks,4970,388,267,77400,06/05/2026 10:18
Digital Art Process,2154,127,53,27300,06/05/2026 12:57
Healthy Breakfasts,1930,102,48,24900,06/05/2026 15:33
Underrated Websites,3620,220,145,51900,06/05/2026 18:09
Funny Office Stories,2871,199,120,43300,06/05/2026 21:46
Solo Travel Experience,2511,148,79,34700,07/05/2026 08:25
Best Keyboard Sounds,4765,350,244,70500,07/05/2026 11:05
Quick Math Tricks,1690,91,33,21400,07/05/2026 13:37
Editing Like a Pro,3244,240,160,49200,07/05/2026 16:14
How I Stay Focused,2077,119,58,28100,07/05/2026 18:50
Top Anime Openings,7340,620,411,122000,07/05/2026 21:29
Freelancing Basics,2866,177,104,39600,08/05/2026 07:11
Hidden Beach Spots,4188,291,172,63100,08/05/2026 10:49
Phone Camera Tricks,3597,242,138,54700,08/05/2026 13:16
Learning Faster,2488,158,73,33400,08/05/2026 15:58
PC Build Under $800,5802,433,299,86100,08/05/2026 18:34
Night City Timelapse,3121,205,111,45600,08/05/2026 20:47
Creative Side Hustles,2709,171,92,37800,09/05/2026 09:02
One Minute Motivation,6450,577,366,109000,09/05/2026 12:28
